<?xml version="1.0" encoding="utf-8"?><App xmlns="http://schemas.microsoft.com/sharepoint/2012/app/manifest" Name="svst-questionnaire-client-side-solution" ProductID="d09d162d-22c2-4a75-b985-2810ebfc37b4" SharePointMinVersion="16.0.0.0" IsClientSideSolution="true" Version="1.0.0.0" SkipFeatureDeployment="true" IsDomainIsolated="false"><Properties><Title>svst-questionnaire-client-side-solution</Title><DeveloperProperties>{&quot;name&quot;:&quot;&quot;,&quot;websiteUrl&quot;:&quot;&quot;,&quot;privacyUrl&quot;:&quot;&quot;,&quot;termsOfUseUrl&quot;:&quot;&quot;,&quot;mpnId&quot;:&quot;Undefined-1.21.1&quot;}</DeveloperProperties><ShortDescription><LocalizedString CultureName="default">SVST_Questionnaire description</LocalizedString></ShortDescription><LongDescription><LocalizedString CultureName="default">SVST_Questionnaire description</LocalizedString></LongDescription><Screenshots></Screenshots></Properties></App>