{
  "@microsoft/generator-sharepoint": {
    "plusBeta": false,
    "isCreatingSolution": true,
    "nodeVersion": "22.17.0",
    "sdksVersions": {},
    "version": "1.21.1",
    "libraryName": "svst-questionnaire",
    "libraryId": "d09d162d-22c2-4a75-b985-2810ebfc37b4",
    "environment": "spo",
    "packageManager": "npm",
    "solutionName": "SVST_Questionnaire",
    "solutionShortDescription": "SVST_Questionnaire description",
    "skipFeatureDeployment": true,
    "isDomainIsolated": false,
    "componentType": "webpart"
  }
}
