{
  "id": "058df67c-d016-492f-8cf0-ff6c4db8e620",
  "alias": "SvstQuestionnaireWebPart",
  "componentType": "WebPart",
  "version": "0.0.1",
  "manifestVersion": 2,
  "requiresCustomScript": false,
  "supportedHosts": [
    "SharePointWebPart",
    "TeamsPersonalApp",
    "TeamsTab",
    "SharePointFullPage"
  ],
  "supportsThemeVariants": true,
  "preconfiguredEntries": [
    {
      "groupId": "5c03119e-3074-46fd-976b-c60198311f70",
      "group": {
        "default": "Advanced"
      },
      "title": {
        "default": "SVST_Questionnaire"
      },
      "description": {
        "default": "SVST_Questionnaire description"
      },
      "officeFabricIconFontName": "Page",
      "properties": {
        "description": "SVST_Questionnaire"
      }
    }
  ],
  "loaderConfig": {
    "internalModuleBaseUrls": [
      "<!-- PATH TO CDN -->"
    ],
    "entryModuleId": "svst-questionnaire-web-part",
    "scriptResources": {
      "svst-questionnaire-web-part": {
        "type": "path",
        "path": "svst-questionnaire-web-part_390ec908e2cc860a2b46.js"
      },
      "react": {
        "type": "component",
        "id": "0d910c1c-13b9-4e1c-9aa4-b008c5e42d7d",
        "version": "17.0.1"
      },
      "react-dom": {
        "type": "component",
        "id": "aa0a46ec-1505-43cd-a44a-93f3a5aa460a",
        "version": "17.0.1"
      },
      "@microsoft/sp-core-library": {
        "type": "component",
        "id": "7263c7d0-1d6a-45ec-8d85-d4d1d234171b",
        "version": "1.21.1"
      },
      "@microsoft/sp-property-pane": {
        "type": "component",
        "id": "f9e737b7-f0df-4597-ba8c-3060f82380db",
        "version": "1.21.1"
      },
      "@microsoft/sp-webpart-base": {
        "type": "component",
        "id": "974a7777-0990-4136-8fa6-95d80114c2e0",
        "version": "1.21.1"
      },
      "SvstQuestionnaireWebPartStrings": {
        "type": "path",
        "path": "SvstQuestionnaireWebPartStrings_en-us_eb42a517954fea904e022e89eb9f35e4.js"
      },
      "@microsoft/sp-lodash-subset": {
        "type": "component",
        "id": "73e1dc6c-8441-42cc-ad47-4bd3659f8a3a",
        "version": "1.21.1"
      }
    }
  }
}