{
  "$schema": "https://developer.microsoft.com/json-schemas/spfx-build/package-solution.schema.json",
  "solution": {
    "name": "svst-questionnaire-client-side-solution",
    "id": "d09d162d-22c2-4a75-b985-2810ebfc37b4",
    "version": "1.0.0.0",
    "includeClientSideAssets": true,
    "skipFeatureDeployment": true,
    "isDomainIsolated": false,
    "developer": {
      "name": "",
      "websiteUrl": "",
      "privacyUrl": "",
      "termsOfUseUrl": "",
      "mpnId": "Undefined-1.21.1"
    },
    "metadata": {
      "shortDescription": {
        "default": "SVST_Questionnaire description"
      },
      "longDescription": {
        "default": "SVST_Questionnaire description"
      },
      "screenshotPaths": [],
      "videoUrl": "",
      "categories": []
    },
    "features": [
      {
        "title": "svst-questionnaire Feature",
        "description": "The feature that activates elements of the svst-questionnaire solution.",
        "id": "b548e257-d32b-44c2-ad23-65eab55421b5",
        "version": "1.0.0.0"
      }
    ]
  },
  "paths": {
    "zippedPackage": "solution/svst-questionnaire.sppkg"
  }
}
